True,Predicted
3.9,4.1421385
4.71,4.357421
3.8,3.9381528
3.05,3.4985309
5.36,5.46355
4.57,4.5091166
3.97,4.186951
3.49,3.5214806
5.03,4.990399
3.92,3.969771
2.77,2.9499636
4.03,4.360234
3.23,3.057786
3.43,3.6836066
4.73,4.58721
4.67,5.1409035
4.93,4.502188
4.31,4.5827136
3.71,4.189372
